model,mae,rmse
garch,0.03035300009004697,0.04924153126963493
