model,mae,rmse
hybrid_random_forest,0.007277958329205525,0.013087317972649878
