model,mae,rmse
naive_persistence,0.005664965107986952,0.012276963842112274
