model,mae,rmse
random_forest,0.007394808020898188,0.013099558422621123
